Segment,customer_count,avg_monetary,total_monetary,avg_frequency,avg_recency,avg_churn_proba,revenue_share_pct
Champions,1429,4763.055745976208,6806406.661,8.808957312806157,17.51224632610217,0.06254023792862141,76.37857827094702
Lost / At Risk,1259,429.87206513105644,541208.93,1.3820492454328832,214.79904686258936,0.714893698702674,6.073214646106273
Loyal Customers,594,1923.8023585858587,1142738.601,4.025252525252525,114.79629629629629,0.36518518518518517,12.823322793776132
Need Attention,297,417.9528686868687,124132.00200000001,1.5016835016835017,63.91919191919192,0.23747755331088666,1.3929561225031766
Potential Loyalists,759,391.20119894598156,296921.71,1.8010540184453228,24.760210803689066,0.22221936758893282,3.331928166667389
